year,month,state,rainfall_mm,rainfall_outlier_flag,rainfall_zscore
2021,6,Maharashtra,217.6,False,-0.2932065741733067
2021,7,Maharashtra,284.0,False,-0.026120349015353223
2021,8,Maharashtra,268.8,False,-0.08726056923223409
2021,9,Maharashtra,168.95,False,-0.4888955026964157
2022,6,Maharashtra,161.2,False,-0.5200689702412069
2022,7,Maharashtra,277.4,False,-0.052668076214788445
2022,8,Maharashtra,253.2,False,-0.1500097426127172
2022,9,Maharashtra,168.95,False,-0.4888955026964157
2023,6,Maharashtra,209.6,False,-0.32538563744534926
2023,7,Maharashtra,288.7,False,-0.007215149343028252
2023,8,Maharashtra,1200.0,True,3.6583823956335224
2023,9,Maharashtra,189.4,False,-0.4066377722072568
2024,6,Maharashtra,211.7,False,-0.3169386333364381
2024,7,Maharashtra,338.2,False,0.19189280465273523
2024,8,Maharashtra,261.7,False,-0.11581948788617197
2024,9,Maharashtra,148.5,False,-0.5711532331855744
