date,state,apmc,commodity,min_price_rs_quintal,modal_price_rs_quintal,max_price_rs_quintal,arrival_tonnes
2024-06-01,Maharashtra,Lasalgaon,Onion,1800,1950.0,2150,320
2024-06-02,Maharashtra,Lasalgaon,Onion,1750,1900.0,2120,340
2024-06-03,Maharashtra,Lasalgaon,Onion,1850,,2200,330
2024-06-04,Maharashtra,Lasalgaon,Onion,1700,1875.0,2100,360
2024-06-05,Maharashtra,Lasalgaon,Onion,1820,1960.0,2180,350
2024-06-06,Maharashtra,Lasalgaon,Onion,2500,2020.0,2250,370
2024-06-07,Maharashtra,Lasalgaon,Onion,1880,2010.0,2240,365
2024-06-08,Maharashtra,Lasalgaon,Onion,1760,1910.0,2110,355
2024-06-09,Maharashtra,Lasalgaon, onion ,1810,1970.0,2170,345
2024-06-10,Maharashtra,Lasalgaon,Onion,1790,1940.0,2140,360
2024-06-11,Maharashtra,Lasalgaon,Onion,1850,1990.0,2200,375
2024-06-12,Maharashtra,Lasalgaon,Onion,1720,1890.0,2090,390
2024-06-01,Maharashtra,Lasalgaon,Onion,1800,1950.0,2150,320
